A01,M
A02,M
A03,M
A04,M
A05,M
A06,M
A07,M
A08,M
A09,M
A10,M
A11,M
A12,M
A13,M
A14,M
A15,M
A16,M
A17,M
A18,M
A19,M
A20,M
A21,M
B01,M
B02,M
B03,M
B04,M
B05,M
C01,M
C02,M
C03,M
C04,M
C05,M
C06,M
C07,M
C08,M
C09,M
C10,M
C11,M
C12,M
C13,M
C14,M
C15,M
C16,M
C17,M
C18,M
C19,M
C20,M
C21,M
C22,M
C23,M
C24,M
C25,M
C26,M
D01,M
D02,M
D03,M
D04,M
D05,M
D06,M
D08,M
D09,M
D10,M
D12,M
D13,M
D20,M
D23,M
D25,M
D26,M
D27,M
E01,M
E02,M
E03,M
E04,M
E05,M
E06,M
E07,M
F01,M
F02,M
F03,M
F04,M
G01,M
G02,M
G03,M
G04,M
G05,M
G06,M
G07,M
G08,M
G09,M
G10,M
G11,M
G12,M
G13,M
G14,M
G15,M
G16,M
G17,M
H01,M
H02,M
I01,M
I02,M
I03,M
J01,M
J02,M
J03,M
K01,M
L01,M
M01,M
N01,M
N02,M
N03,M
N04,M
N05,M
N06,M
V01,M
V02,M
V03,M
V04,M
Z01,M
